,Time,Power
0,-0.098,0
1,-0.098,0
2,-0.098,-1.10E-05
3,-0.098,0
4,-0.098,-1.29E-05
5,-0.098,-4.03E-05
6,-0.088,-0.000166043
7,-0.088,-9.26E-05
8,-0.088,-0.000225465
9,-0.088,-7.99E-05
10,-0.088,-0.000295848
11,-0.088,-0.000166696
12,-0.088,0
13,-0.078,0
14,-0.078,-1.10E-05
15,-0.078,0
16,-0.078,-1.29E-05
17,-0.078,-4.03E-05
18,-0.078,-6.76E-05
19,-0.068,-0.000230379
20,-0.068,-8.77E-05
21,-0.068,-0.000217749
22,-0.068,-0.000177729
23,-0.068,-0.000166696
24,-0.068,-3.57E-05
25,-0.058,-0.000139362
26,-0.058,-5.66E-06
27,-0.058,-0.000107489
28,-0.058,2.26E-05
29,-0.058,2.89E-05
30,-0.058,3.91E-05
31,-0.048,-0.00010915
32,-0.048,5.63E-05
33,-0.048,-1.62E-05
34,-0.048,-1.49E-05
35,-0.048,-0.000369185
36,-0.048,-0.000406723
37,-0.048,-0.000115434
38,-0.038,7.39E-05
39,-0.038,0.000429759
40,-0.038,0.000343188
41,-0.038,-0.000233057
42,-0.038,1.14E-05
43,-0.038,8.45E-05
44,-0.028,0.000255933
45,-0.028,-6.61E-05
46,-0.028,-0.000174138
47,-0.028,-0.000166184
48,-0.028,-0.000146335
49,-0.028,-0.000134489
50,-0.018,-0.000578628
51,-0.018,-0.000495806
52,-0.018,-0.000323593
53,-0.018,-0.000124135
54,-0.018,-5.91E-05
55,-0.018,-0.000105909
56,-0.008,-2.75E-05
57,-0.008,-7.93E-05
58,-0.008,-4.00E-05
59,-0.008,0.000159059
60,-0.008,0.000123888
61,-0.008,-5.23E-05
62,-0.008,-2.79E-05
63,0.002,-1.97E-05
64,0.002,7.06E-05
65,0.002,6.57E-05
66,0.002,-1.47E-05
67,0.002,-7.25E-05
68,0.002,0.000127439
69,0.012,0.000244203
70,0.012,0.000559221
71,0.012,0.002326204
72,0.012,0.003897126
73,0.012,0.003402765
74,0.012,0.002389377
75,0.022,0.003743809
76,0.022,0.008160461
77,0.022,0.010103398
78,0.022,0.00753365
79,0.022,0.010303745
80,0.022,0.013390717
81,0.032,0.020871596
82,0.032,0.019915496
83,0.032,0.016263011
84,0.032,0.014006041
85,0.032,0.018068609
86,0.032,0.017876515
87,0.032,0.015073172
88,0.042,0.014942493
89,0.042,0.00571428
90,0.042,-0.001086786
91,0.042,0.002445133
92,0.042,0.00700131
93,0.042,0.004479249
94,0.052,-0.006358059
95,0.052,-0.01787434
96,0.052,-0.001593826
97,0.052,-0.003016629
98,0.052,-0.019637707
99,0.052,-0.021201736
100,0.062,-0.016796431
101,0.062,-4.26E-05
102,0.062,-0.012052623
103,0.062,-0.005861993
104,0.062,-0.005560241
105,0.062,0.015319511
106,0.072,0.023634278
107,0.072,0.010626345
108,0.072,0.011802829
109,0.072,0.028641964
110,0.072,0.038194759
111,0.072,0.023763078
112,0.072,0.050758964
113,0.082,0.053045295
114,0.082,0.055501959
115,0.082,0.057782854
116,0.082,0.050975133
117,0.082,0.072543499
118,0.082,0.045904422
119,0.092,0.038348577
120,0.092,0.051104624
121,0.092,0.054073413
122,0.092,0.057435855
123,0.092,0.038918968
124,0.092,0.031037456
125,0.102,0.046200808
126,0.102,0.062218234
127,0.102,0.042955264
128,0.102,0.047711887
129,0.102,0.052779722
130,0.102,0.083785582
131,0.112,0.064218449
132,0.112,0.044066435
133,0.112,0.076868769
134,0.112,0.083660905
135,0.112,0.104127862
136,0.112,0.069660509
137,0.112,0.090985305
138,0.122,0.112959797
139,0.122,0.135384302
140,0.122,0.157949708
141,0.122,0.121664091
142,0.122,0.144928669
143,0.122,0.184128316
144,0.132,0.177711395
145,0.132,0.186624749
146,0.132,0.180354808
147,0.132,0.206432528
148,0.132,0.199152313
149,0.132,0.19192644
150,0.142,0.218306282
151,0.142,0.177169891
152,0.142,0.187196627
153,0.142,0.214641377
154,0.142,0.225053958
155,0.142,0.217633332
156,0.152,0.228054643
157,0.152,0.221327439
158,0.152,0.25056625
159,0.152,0.243369664
160,0.152,0.25586032
161,0.152,0.249432637
162,0.152,0.262053555
163,0.162,0.294747947
164,0.162,0.309341945
165,0.162,0.305076151
166,0.162,0.320951415
167,0.162,0.357537919
168,0.162,0.374834951
169,0.172,0.392956669
170,0.172,0.412324291
171,0.172,0.433003356
172,0.172,0.453336186
173,0.172,0.474965898
174,0.172,0.519026469
175,0.182,0.564351769
176,0.182,0.567009559
177,0.182,0.591733744
178,0.182,0.595023858
179,0.182,0.664113294
180,0.182,0.669289982
181,0.192,0.695697096
182,0.192,0.722695483
183,0.192,0.771782044
184,0.192,0.822980826
185,0.192,0.83014293
186,0.192,0.858670024
187,0.192,0.888437567
188,0.202,0.917919148
189,0.202,0.947869587
190,0.202,0.978297059
191,0.202,1.010080616
192,0.202,1.042416083
193,0.202,1.097518076
194,0.212,1.153316518
195,0.212,1.162305543
196,0.212,1.264933114
197,0.212,1.251608454
198,0.212,1.285441862
199,0.212,1.364498931
200,0.222,1.399480434
201,0.222,1.458556395
202,0.222,1.541887899
203,0.222,1.577267966
204,0.222,1.609034159
205,0.222,1.714726675
206,0.232,1.72607471
207,0.232,1.808711689
208,0.232,1.841090037
209,0.232,1.875026881
210,0.232,1.956328637
211,0.232,1.966523568
212,0.232,1.974960939
213,0.242,2.030500449
214,0.242,2.10759284
215,0.242,2.091641
216,0.242,2.169670764
217,0.242,2.221829787
218,0.242,2.246188418
219,0.252,2.248489214
220,0.252,2.297031939
221,0.252,2.321659936
222,0.252,2.345775458
223,0.252,2.392553287
224,0.252,2.413603298
225,0.262,2.48017195
226,0.262,2.523086258
227,0.262,2.538247489
228,0.262,2.557420944
229,0.262,2.574084477
230,0.262,2.615288463
231,0.272,2.673936403
232,0.272,2.692030368
233,0.272,2.7052549
234,0.272,2.715918413
235,0.272,2.726417408
236,0.272,2.761068971
237,0.272,2.792853692
238,0.282,2.781095157
239,0.282,2.812276192
240,0.282,2.800412731
241,0.282,2.833496697
242,0.282,2.866088701
243,0.282,2.895396143
244,0.292,2.879707431
245,0.292,2.902156136
246,0.292,2.885517254
247,0.292,2.90611225
248,0.292,2.882485543
249,0.292,2.917727488
250,0.302,2.894990213
251,0.302,2.907456383
252,0.302,2.915232901
253,0.302,2.905113102
254,0.302,2.86868502
255,0.302,2.855781769
256,0.312,2.841346396
257,0.312,2.846655443
258,0.312,2.807796847
259,0.312,2.785598494
260,0.312,2.761833507
261,0.312,2.719155438
262,0.312,2.706656277
263,0.322,2.678457725
264,0.322,2.618571208
265,0.322,2.598520879
266,0.322,2.563669006
267,0.322,2.517927068
268,0.322,2.45934552
269,0.332,2.422106228
270,0.332,2.368842315
271,0.332,2.330495672
272,0.332,2.261995453
273,0.332,2.211607802
274,0.332,2.193120716
275,0.342,2.142610322
276,0.342,2.075487475
277,0.342,2.022971436
278,0.342,1.976683692
279,0.342,1.925113777
280,0.342,1.895696115
281,0.352,1.821994302
282,0.352,1.806015765
283,0.352,1.749415159
284,0.352,1.718362214
285,0.352,1.657757928
286,0.352,1.633760901
287,0.352,1.565567094
288,0.362,1.510140768
289,0.362,1.494442865
290,0.362,1.440025324
291,0.362,1.394703927
292,0.362,1.341757628
293,0.362,1.320662996
294,0.372,1.276277319
295,0.372,1.239634612
296,0.372,1.198339917
297,0.372,1.152601869
298,0.372,1.114438077
299,0.372,1.069678879
300,0.382,1.045764834
301,0.382,0.997291083
302,0.382,0.966804007
303,0.382,0.932302972
304,0.382,0.892018275
305,0.382,0.86639894
306,0.392,0.825026671
307,0.392,0.788114943
308,0.392,0.757775333
309,0.392,0.725930293
310,0.392,0.689365078
311,0.392,0.658813576
312,0.392,0.627085059
313,0.402,0.606306112
314,0.402,0.595924627
315,0.402,0.564581464
316,0.402,0.544917676
317,0.402,0.513469924
318,0.402,0.486258394
319,0.412,0.477397751
320,0.412,0.455617196
321,0.412,0.44161873
322,0.412,0.420973757
323,0.412,0.397125187
324,0.412,0.385965209
325,0.422,0.369958516
326,0.422,0.351658111
327,0.422,0.335299485
328,0.422,0.328975083
329,0.422,0.316028436
330,0.422,0.294986394
331,0.432,0.286080943
332,0.432,0.267429335
333,0.432,0.259056138
334,0.432,0.254955065
335,0.432,0.238673855
336,0.432,0.225701348
337,0.432,0.218010984
338,0.442,0.210414674
339,0.442,0.196725597
340,0.442,0.189489107
341,0.442,0.182336304
342,0.442,0.172932377
343,0.442,0.16503757
344,0.452,0.157033216
345,0.452,0.145148155
346,0.452,0.143678219
347,0.452,0.138243633
348,0.452,0.129121523
349,0.452,0.124838377
350,0.462,0.118722476
351,0.462,0.112994766
352,0.462,0.106426474
353,0.462,0.101845118
354,0.462,0.097388129
355,0.462,0.092924059
356,0.472,0.087129482
357,0.472,0.085479311
358,0.472,0.081575372
359,0.472,0.07552845
360,0.472,0.073339753
361,0.472,0.07058116
362,0.472,0.067922491
363,0.482,0.066652492
364,0.482,0.060228221
365,0.482,0.061085285
366,0.482,0.05559892
367,0.482,0.053501246
368,0.482,0.053255457
369,0.492,0.047746756
370,0.492,0.046944917
371,0.492,0.046192892
372,0.492,0.042197495
373,0.492,0.040972596
374,0.492,0.039762029
375,0.502,0.03856103
376,0.502,0.037365503
377,0.502,0.035167299
378,0.502,0.033120076
379,0.502,0.033285023
380,0.502,0.032088341
381,0.512,0.030118396
382,0.512,0.027282707
383,0.512,0.026155511
384,0.512,0.025466516
385,0.512,0.02543743
386,0.512,0.022776812
387,0.512,0.021234489
388,0.522,0.020130926
389,0.522,0.019867011
390,0.522,0.018261632
391,0.522,0.017606817
392,0.522,0.016960029
393,0.522,0.016323637
394,0.532,0.014853385
395,0.532,0.014264111
396,0.532,0.012255864
397,0.532,0.010984238
398,0.532,0.011228095
399,0.532,0.010035463
400,0.542,0.010281273
401,0.542,0.008900695
402,0.542,0.008238497
403,0.542,0.008175039
404,0.542,0.00725477
405,0.542,0.007731378
406,0.552,0.006864012
407,0.552,0.006564022
408,0.552,0.006780861
409,0.552,0.006506399
410,0.552,0.00649339
411,0.552,0.006489824
412,0.552,0.005982813
413,0.562,0.00599487
414,0.562,0.00578157
415,0.562,0.005571042
416,0.562,0.005361466
417,0.562,0.004503657
418,0.562,0.004094502
419,0.572,0.004251084
420,0.572,0.003555697
421,0.572,0.002777433
422,0.572,0.003278739
423,0.572,0.003063793
424,0.572,0.002588714
425,0.582,0.002403292
426,0.582,0.001981211
427,0.582,0.001773857
428,0.582,0.001565659
429,0.582,0.001082074
430,0.582,0.00121975
431,0.592,0.001515025
432,0.592,0.00133515
433,0.592,0.00131027
434,0.592,0.000703512
435,0.592,0.000626966
436,0.592,0.000458634
437,0.592,0.000446517
438,0.602,0.000289336
439,0.602,0.000241449
440,0.602,0.000232861
441,0.602,0.000131834
442,0.602,0.000107928
443,0.602,-0.000123506
444,0.612,-8.02E-05
445,0.612,-0.000192262
446,0.612,-0.000185286
447,0.612,-0.000139523
448,0.612,-0.000173167
449,0.612,-0.000252242
450,0.622,-0.000245901
451,0.622,-0.000122668
452,0.622,-0.000315923
453,0.622,-0.000175326
454,0.622,-0.000232076
455,0.622,-0.000232068
456,0.632,-0.000154934
457,0.632,-0.000315568
458,0.632,-0.000162627
459,0.632,-0.000168441
460,0.632,-0.000254095
461,0.632,-0.00025549
462,0.632,-0.000135208
463,0.642,-9.14E-05
464,0.642,-9.84E-05
465,0.642,-0.000297896
466,0.642,-0.000383677
467,0.642,-0.000296007
468,0.642,-0.000367152
469,0.652,-0.00030299
470,0.652,-0.000673433
471,0.652,-0.000768637
472,0.652,-0.00042233
473,0.652,-0.000868354
474,0.652,-0.000523835
475,0.662,-0.000737837
476,0.662,-0.000861342
477,0.662,-0.000457375
478,0.662,-0.00044327
479,0.662,-0.000251442
480,0.662,-0.000661089
481,0.672,-0.000417524
482,0.672,-0.000387311
483,0.672,-0.000354303
484,0.672,-0.000632861
485,0.672,-0.000588863
486,0.672,-0.000287321
487,0.672,-0.000534819
488,0.682,-0.000518756
489,0.682,-0.000180723
490,0.682,-0.000124055
491,0.682,-6.47E-05
492,0.682,-0.000289854
493,0.682,-0.000263758
494,0.692,7.52E-05
495,0.692,0.000410686
496,0.692,0.000131505
497,0.692,-9.64E-05
498,0.692,-7.21E-05
499,0.692,-4.35E-05
500,0.702,-2.92E-05
501,0.702,0.000377343
502,0.702,0.00018791
503,0.702,-4.17E-06
504,0.702,0.000214448
505,0.702,-2.24E-06
506,0.712,-4.82E-06
507,0.712,-9.69E-06
508,0.712,0.00023624
509,0.712,0.000225718
510,0.712,-3.95E-05
511,0.712,-5.73E-05
512,0.712,0.000182365
513,0.722,0.000164607
514,0.722,0.000401427
515,0.722,0.000125243
516,0.722,0.000359956
517,0.722,7.58E-05
518,0.722,5.51E-05
519,0.732,3.41E-05
520,0.732,-0.000204372
521,0.732,-0.000202878
522,0.732,-0.000219401
523,0.732,-3.82E-05
524,0.732,-0.000224655
525,0.742,-0.00023644
526,0.742,-0.000246652
527,0.742,-0.000255028
528,0.742,-9.35E-05
529,0.742,-0.000491635
530,0.742,-0.000266764
531,0.752,-0.000442756
532,0.752,-0.000438808
533,0.752,-0.000480057
534,0.752,-0.000299833
535,0.752,-0.000284828
536,0.752,-0.000315155
537,0.752,-0.00054619
538,0.762,-0.000262333
539,0.762,-0.000231832
540,0.762,-0.000385196
541,0.762,-0.000152646
542,0.762,-0.000130668
543,0.762,-0.000103274
544,0.772,-6.65E-05
545,0.772,-0.000540794
546,0.772,-0.000254059
547,0.772,-0.000225886
548,0.772,4.65E-05
549,0.772,-0.000152038
550,0.782,-0.000125056
551,0.782,-0.000115323
552,0.782,8.77E-05
553,0.782,-0.000242873
554,0.782,7.11E-05
555,0.782,-0.000216741
556,0.792,-7.26E-05
557,0.792,-0.000197606
558,0.792,-0.000206224
559,0.792,-0.000180312
560,0.792,-0.0001097
561,0.792,-0.000240298
562,0.792,-0.000295796
563,0.802,-0.000149147
564,0.802,-0.00046587
565,0.802,-0.000442593
566,0.802,-0.000285715
567,0.802,-0.000428737
568,0.802,-0.000389321
569,0.812,-0.000459791
570,0.812,-0.000473053
571,0.812,-0.000484517
572,0.812,-0.000732941
573,0.812,-0.000501399
574,0.812,-0.000305455
575,0.822,-0.000666995
576,0.822,-0.000352637
577,0.822,-0.000381354
578,0.822,-0.000315358
579,0.822,-0.000311568
580,0.822,-0.00048591
581,0.832,-0.000300217
582,0.832,-0.000292848
583,0.832,-0.000223289
584,0.832,-0.000373764
585,0.832,-0.000318567
586,0.832,-0.000306111
587,0.832,-0.00034211
588,0.842,-0.000531033
589,0.842,-0.000513602
590,0.842,-0.000381343
591,0.842,-0.000402999
592,0.842,-0.00077704
593,0.842,-0.000561802
594,0.852,-0.000490498
595,0.852,-0.000370981
596,0.852,-0.000356876
597,0.852,-0.000281085
598,0.852,-0.000248453
599,0.852,-0.000196026
600,0.862,-0.000136427
601,0.862,-0.000135859
602,0.862,-6.78E-05
603,0.862,4.82E-05
604,0.862,4.84E-05
605,0.862,0
606,0.872,0
607,0.872,-4.97E-05
608,0.872,-0.000210089
609,0.872,-0.0002121
610,0.872,-0.000142842
611,0.872,-5.25E-05
612,0.872,-5.33E-05
613,0.882,-0.000108338
614,0.882,-0.000149533
615,0.882,-0.000227225
616,0.882,-0.000230383
617,0.882,-0.000155879
618,0.882,-0.000197763
619,0.892,-0.000200528
620,0.892,8.21E-05
621,0.892,0
622,0.892,0
623,0.892,0
624,0.892,0
625,0.902,0.000131628
626,0.902,9.48E-05
627,0.902,0.000117193
628,0.902,0.000200678
629,0.902,0.000245922
630,0.902,0.000212557
631,0.912,0.000257998
632,0.912,0
633,0.912,0.000115289
634,0.912,0.00013782
635,0.912,0.000140498
636,0.912,0.000142959
637,0.912,0.000125464
638,0.922,0
639,0.922,0.000128846
640,0.922,0
641,0.922,0
642,0.922,0
643,0.922,-0.000261094
644,0.932,-0.000298937
645,0.932,-0.000257059
646,0.932,-0.000380407
647,0.932,-0.000432928
648,0.932,-0.000488093
649,0.932,-0.00029808
650,0.942,-0.000231487
651,0.942,-0.000462437
652,0.942,-0.00054202
653,0.942,-0.000508912
654,0.942,-0.000485202
655,0.942,-0.000384699
656,0.952,-0.000674931
657,0.952,-0.000534943
658,0.952,-0.000421806
659,0.952,-0.000330774
660,0.952,-0.000241273
661,0.952,-0.000290325
662,0.952,-0.000281455
663,0.962,-0.000298865
664,0.962,-0.000138463
665,0.962,-0.000221415
666,0.962,-0.000148326
667,0.962,0
668,0.962,7.64E-05
669,0.972,3.89E-05
670,0.972,0
671,0.972,0
672,0.972,6.65E-05
673,0.972,8.93E-05
674,0.972,7.30E-05
675,0.982,0.000152975
676,0.982,9.97E-05
677,0.982,0
678,0.982,0.00010653
679,0.982,-7.04E-05
680,0.982,-0.000225579
681,0.992,-0.000191779
682,0.992,-0.000295197
683,0.992,-0.000301817
684,0.992,-0.000307477
685,0.992,-0.000494949
686,0.992,-0.000427972
687,0.992,-0.000637143
688,1.002,-0.000533967
689,1.002,-0.000349693
690,1.002,-0.000437388
691,1.002,-0.000349192
692,1.002,-0.000347661
693,1.002,-0.000345444
694,1.012,-0.000342668
695,1.012,-0.000424325
696,1.012,-0.000518354
697,1.012,-0.000332209
698,1.012,-0.000407121
699,1.012,-0.000324518
700,1.022,-0.00040089
701,1.022,-0.000396265
702,1.022,-0.000470192
703,1.022,-0.000465134
704,1.022,-0.00046037
705,1.022,-0.000455907
706,1.032,-0.000215503
707,1.032,-0.000373213
708,1.032,-0.000444225
709,1.032,-0.000514288
710,1.032,-0.000437603
711,1.032,-0.000316424
712,1.032,-0.000365737
713,1.042,-0.000414198
714,1.042,-0.000816176
715,1.042,-0.000634919
716,1.042,-0.000630896
717,1.042,-0.000804093
718,1.042,-0.000622965
719,1.052,-0.000687828
720,1.052,-0.000683505
721,1.052,-0.000679215
722,1.052,-0.000478091
723,1.052,-0.000473862
724,1.052,-0.000533217
725,1.062,-0.000372369
726,1.062,-0.000322885
727,1.062,-0.000595545
728,1.062,-0.00017915
729,1.062,-0.000516284
730,1.062,-0.000355297
731,1.072,-0.000307783
732,1.072,-0.000304643
733,1.072,-0.000258412
734,1.072,-0.000340945
735,1.072,-0.000337397
736,1.072,-0.000198539
737,1.072,-0.000413433
738,1.082,-0.000212906
739,1.082,-0.000487937
740,1.082,-0.000248688
741,1.082,-0.000442637
742,1.082,-0.000441808
743,1.082,-0.000225642
744,1.092,-0.000443944
745,1.092,-0.000251611
746,1.092,-0.000214093
747,1.092,-0.000198041
748,1.092,-0.00018206
749,1.092,-0.000165682
750,1.102,-0.000197889
751,1.102,-4.39E-05
752,1.102,-0.00019117
753,1.102,-0.000230356
754,1.102,-0.000243128
755,1.102,-0.00028873
756,1.112,-0.000127424
757,1.112,-0.000498117
758,1.112,-0.000178162
759,1.112,-0.000393492
760,1.112,-0.000730328
761,1.112,-0.000279184
762,1.112,-0.000324612
763,1.122,-0.000601421
764,1.122,-0.000620695
765,1.122,-0.000638034
766,1.122,-0.000653121
767,1.122,-0.000850682
768,1.122,-0.000623369
769,1.132,-0.000681849
770,1.132,-0.000684983
771,1.132,-0.000461521
772,1.132,-0.000732452
773,1.132,-0.000723445
774,1.132,-0.000372309
775,1.142,-0.000593093
776,1.142,-0.000809949
777,1.142,-0.0005963
778,1.142,-0.000886189
779,1.142,-0.000320501
780,1.142,-0.000534949
781,1.152,-0.00082196
782,1.152,-0.000205687
783,1.152,-0.000815324
784,1.152,-0.000393895
785,1.152,-1.89E-05
786,1.152,-0.000290349
787,1.152,-0.000226208
788,1.162,-0.000163373
789,1.162,-9.68E-05
790,1.162,0.000271878
791,1.162,6.86E-06
792,1.162,6.05E-05
793,1.162,9.50E-05
794,1.172,-0.000181715
795,1.172,0.000127289
796,1.172,-0.000134027
797,1.172,0.000137926
798,1.172,0.000137355
799,1.172,0.00013966
800,1.182,0.000427974
801,1.182,-0.00018744
802,1.182,7.06E-05
803,1.182,3.41E-05
804,1.182,-6.99E-06
805,1.182,-4.34E-05
806,1.192,-8.35E-05
807,1.192,9.07E-05
808,1.192,4.70E-05
809,1.192,-0.00023314
810,1.192,-4.45E-05
811,1.192,-0.00027222
812,1.192,-0.000277456
813,1.202,-0.00048435
814,1.202,-0.000407561
815,1.202,-1.49E-06
816,1.202,-0.000456339
817,1.202,-0.000750947
818,1.202,-0.000524501
819,1.212,-0.000570857
820,1.212,-0.000821375
821,1.212,-0.00080801
822,1.212,-0.000317451
823,1.212,-0.000992193
824,1.212,-0.000612013
825,1.222,-0.000558967
826,1.222,-0.000736124
827,1.222,-0.000409684
828,1.222,-0.000619567
829,1.222,-0.000558065
830,1.222,-0.000529355
831,1.232,-0.000158983
832,1.232,-9.84E-05
833,1.232,-0.000387375
834,1.232,-0.000309594
835,1.232,-0.000229428
836,1.232,-0.000179606
837,1.232,0.000114783
838,1.242,-0.00012233
839,1.242,-0.000102053
840,1.242,-0.000333947
841,1.242,-9.97E-05
842,1.242,-9.89E-05
843,1.242,-0.000101311
844,1.252,-9.35E-05
845,1.252,4.25E-05
846,1.252,2.31E-05
847,1.252,-0.000265671
848,1.252,-0.000166788
849,1.252,-0.000431861
850,1.262,-0.000412474
851,1.262,-0.000287089
852,1.262,-0.000342392
853,1.262,-0.000366691
854,1.262,-0.000388106
855,1.262,-0.000622699
856,1.272,-0.000458652
857,1.272,-0.000764918
858,1.272,-0.000516166
859,1.272,-0.000478469
860,1.272,-0.000652825
861,1.272,-0.000429952
862,1.272,-0.000636448
863,1.282,-0.0003695
864,1.282,-0.00039003
865,1.282,-0.000154565
866,1.282,-0.000515262
867,1.282,-0.000494999
868,1.282,-0.000426587
869,1.292,-0.000179126
870,1.292,-0.0003023
871,1.292,-0.000329441
872,1.292,-0.000353784
873,1.292,-0.000338581
874,1.292,-0.000361553
875,1.302,-0.0001374
876,1.302,-0.000238325
877,1.302,-0.000234231
878,1.302,-0.000265748
879,1.302,-0.000424132
880,1.302,-0.000270411
881,1.312,-0.000346305
882,1.312,-0.000322263
883,1.312,-0.000335815
884,1.312,-0.000470469
885,1.312,-0.00024721
886,1.312,-0.000261068
887,1.312,-0.000157908
888,1.322,-0.000291775
889,1.322,-0.000307971
890,1.322,-0.000324255
891,1.322,-0.000283546
892,1.322,-0.000296329
893,1.322,-0.000325346
894,1.332,-0.00025521
895,1.332,-0.000197002
896,1.332,-0.00026878
897,1.332,-0.000273366
898,1.332,-0.00027629
899,1.332,-0.000277449
900,1.342,-0.000415176
901,1.342,-0.000529537
902,1.342,-0.000337454
903,1.342,-0.000395869
904,1.342,-0.000448434
905,1.342,-0.000494265
906,1.352,-0.000591917
907,1.352,-0.000619811
908,1.352,-0.000729993
909,1.352,-0.000501612
910,1.352,-0.000245512
911,1.352,-0.000438012
912,1.352,-0.000325937
913,1.362,-0.00026502
914,1.362,-0.000246553
915,1.362,-0.000315451
916,1.362,-6.74E-05
917,1.362,-4.83E-05
918,1.362,-5.64E-05
919,1.372,-2.75E-05
920,1.372,-2.73E-05
921,1.372,-5.52E-05
922,1.372,-5.67E-05
923,1.372,-5.91E-05
924,1.372,-9.36E-05
925,1.382,-4.06E-05
926,1.382,-0.000165809
927,1.382,-5.57E-05
928,1.382,-8.24E-05
929,1.382,-4.93E-05
930,1.382,-9.52E-05
931,1.392,-0.000101993
932,1.392,-0.000108814
933,1.392,-0.000115603
934,1.392,-0.000122262
935,1.392,-6.44E-05
936,1.392,0
937,1.392,0
938,1.402,-9.27E-05
939,1.402,-7.55E-05
940,1.402,-0.000155337
941,1.402,-0.000238915
942,1.402,-0.000406819
943,1.402,-0.000378987
944,1.412,-0.000504674
945,1.412,-0.000524256
946,1.412,-0.000516168
947,1.412,-0.000520352
948,1.412,-0.000523683
949,1.412,-0.000889638
950,1.422,-0.000410252
951,1.422,-0.000530004
952,1.422,-0.000442769
953,1.422,-0.000354953
954,1.422,-0.0003556
955,1.422,-0.000356193
956,1.432,-0.000445941
957,1.432,-0.000446604
958,1.432,-0.000447217
959,1.432,-0.000537303
960,1.432,-0.000627431
961,1.432,-0.000419962
962,1.432,-0.000627755
963,1.442,-0.000716933
964,1.442,-0.000805306
965,1.442,-0.00089251
966,1.442,-0.000889215
967,1.442,-0.000884787
968,1.442,-0.000879131
969,1.452,-0.000675311
970,1.452,-0.000863878
971,1.452,-0.000939638
972,1.452,-0.000710974
973,1.452,-0.000997062
974,1.452,-0.00068251
975,1.462,-0.000666347
976,1.462,-0.000649075
977,1.462,-0.000414308
978,1.462,-0.000667522
979,1.462,-0.000646247
980,1.462,-0.001097113
981,1.472,-0.000653201
982,1.472,-0.000629931
983,1.472,-0.000560474
984,1.472,-0.000540225
985,1.472,-0.000757233
986,1.472,-0.000289033
987,1.472,-0.000250352
988,1.482,-0.000471864
989,1.482,-0.000753225
990,1.482,-0.000485649
991,1.482,-0.000476363
992,1.482,-0.000669652
993,1.482,-0.000429416
994,1.492,-0.00019149
995,1.492,-0.000192071
996,1.492,-0.000431078
997,1.492,-0.000472238
998,1.492,-0.000479536
999,1.492,-0.000563867
1000,1.502,-0.000813466
1001,1.502,-0.000511515
1002,1.502,-0.000443912
1003,1.502,-0.00045561
1004,1.502,-0.000510159
1005,1.502,-0.000479752
1006,1.512,-0.000491671
1007,1.512,-0.000457424
1008,1.512,-0.000664162
1009,1.512,-0.000673297
1010,1.512,-0.000287841
1011,1.512,-0.000442835
1012,1.512,-0.000125594
1013,1.522,-0.000604535
1014,1.522,-0.000404807
1015,1.522,-0.000472582
1016,1.522,-0.000477071
1017,1.522,-0.00051286
1018,1.522,-0.000516348
1019,1.532,-0.001221489
1020,1.532,-0.000555843
1021,1.532,-0.00056004
1022,1.532,-0.000230357
1023,1.532,-0.000852436
1024,1.532,-0.000751809
1025,1.542,-0.000758767
1026,1.542,-0.000491115
1027,1.542,-0.000464248
1028,1.542,-0.00047309
1029,1.542,-0.000482284
1030,1.542,-0.000747401
1031,1.552,-0.000263111
1032,1.552,-0.000586271
1033,1.552,-0.000593687
1034,1.552,-0.000598815
1035,1.552,-0.000641077
1036,1.552,-0.000894939
1037,1.552,-0.000594114
1038,1.562,-0.000820581
1039,1.562,-0.000748661
1040,1.562,-0.000547707
1041,1.562,-0.000555924
1042,1.562,-0.000554067
1043,1.562,-0.000511021
1044,1.572,-0.000434644
1045,1.572,-0.000359031
1046,1.572,-0.000326548
1047,1.572,-0.000266178
1048,1.572,-0.000228157
1049,1.572,0.000199645
1050,1.582,-8.94E-05
1051,1.582,0.000386063
1052,1.582,6.81E-05
1053,1.582,-0.000234555
1054,1.582,0.000205363
1055,1.582,-0.000109895
1056,1.592,0.000688463
1057,1.592,0.000354898
1058,1.592,0.000344038
1059,1.592,0.000338882
1060,1.592,0.000300667
1061,1.592,1.99E-05
1062,1.592,0.000261078
1063,1.602,0.000495262
1064,1.602,0.000193508
1065,1.602,0.000146035
1066,1.602,8.93E-05
1067,1.602,0.00020663
1068,1.602,-0.00012368
1069,1.612,-0.000154299
1070,1.612,0.00010245
1071,1.612,-0.000280246
1072,1.612,3.72E-05
1073,1.612,-0.000203259
1074,1.612,-0.00026874
1075,1.622,-0.000310131
1076,1.622,-0.000130332
1077,1.622,-0.000161702
1078,1.622,-0.000403643
1079,1.622,-0.000639161
1080,1.622,-0.000769876
1081,1.632,-0.000520424
1082,1.632,-0.000558875
1083,1.632,-0.00088356
1084,1.632,-0.000531475
1085,1.632,-0.00078247
1086,1.632,-0.00047605
1087,1.632,-0.000440042
1088,1.642,-0.000675548
1089,1.642,-0.000382403
1090,1.642,-0.000356782
1091,1.642,-0.000305133
1092,1.642,5.69E-05
1093,1.642,-0.00048814
1094,1.652,-0.000140395
1095,1.652,-8.98E-05
1096,1.652,-0.000324452
1097,1.652,-0.000300755
1098,1.652,-2.46E-05
1099,1.652,-1.42E-05
1100,1.662,-7.64E-06
1101,1.662,-0.000222432
1102,1.662,-0.00020602
1103,1.662,-1.53E-05
1104,1.662,-2.57E-05
1105,1.662,0.000138255
1106,1.672,-5.45E-05
1107,1.672,-0.000276725
1108,1.672,-0.000327066
1109,1.672,-0.000350416
1110,1.672,-0.00037368
1111,1.672,-0.000360101
1112,1.672,-0.00051836
1113,1.682,-0.00019922
1114,1.682,-0.000451622
1115,1.682,-0.000270266
1116,1.682,-0.000280128
1117,1.682,-0.000285731
1118,1.682,-0.000263003
1119,1.692,-0.000260005
1120,1.692,-0.000253021
1121,1.692,-0.000242267
1122,1.692,-1.15E-05
1123,1.692,-0.000427421
1124,1.692,-0.000208569
1125,1.702,-0.000185058
1126,1.702,-0.000160237
1127,1.702,0.00010135
1128,1.702,-0.000109821
1129,1.702,-0.00032209
1130,1.702,-0.00030002
1131,1.712,-0.000303996
1132,1.712,-0.000500806
1133,1.712,-0.000252512
1134,1.712,-8.00E-06
1135,1.712,-5.10E-06
1136,1.712,-0.000204124
1137,1.712,-0.000210753
1138,1.722,-0.000376848
1139,1.722,-0.000390762
1140,1.722,-4.80E-05
1141,1.722,-0.000224209
1142,1.722,-0.000503813
1143,1.722,-0.000373291
1144,1.732,-0.000119802
1145,1.732,-0.000240635
1146,1.732,-0.000304365
1147,1.732,-0.000374784
1148,1.732,-0.000273986
1149,1.732,-0.000302051
1150,1.742,-0.00068234
1151,1.742,-0.000312146
1152,1.742,-0.0006448
1153,1.742,-0.000659113
1154,1.742,-0.000669731
1155,1.742,-0.000648647
1156,1.752,-0.000848761
1157,1.752,-0.000453131
1158,1.752,-0.000839907
1159,1.752,-0.000910934
1160,1.752,-0.000676496
1161,1.752,-0.000654217
1162,1.752,-0.000742409
1163,1.762,-0.00076259
1164,1.762,-0.000826203
1165,1.762,-0.001094048
1166,1.762,-0.00104647
1167,1.762,-0.000937356
1168,1.762,-0.000836106
1169,1.772,-0.000562419
1170,1.772,-0.000233575
1171,1.772,-0.000434134
1172,1.772,-0.000568155
1173,1.772,-0.000341145
1174,1.772,-0.000552915
1175,1.782,-0.000337504
1176,1.782,-0.00034467
1177,1.782,-0.000141258
1178,1.782,-0.000539347
1179,1.782,-0.000364637
1180,1.782,-0.000391335
1181,1.792,-0.000618927
1182,1.792,-0.00058778
